$BRANCH_COUNT,$CALL_PAIRS,$LOC_CODE_AND_COMMENT,$LOC_COMMENTS,$CONDITION_COUNT,$CYCLOMATIC_COMPLEXITY,$CYCLOMATIC_DENSITY,$DECISION_COUNT,$DECISION_DENSITY,$DESIGN_COMPLEXITY,$DESIGN_DENSITY,$EDGE_COUNT,$ESSENTIAL_COMPLEXITY,$ESSENTIAL_DENSITY,$LOC_EXECUTABLE,$PARAMETER_COUNT,$HALSTEAD_CONTENT,$HALSTEAD_DIFFICULTY,$HALSTEAD_EFFORT,$HALSTEAD_ERROR_EST,$HALSTEAD_LENGTH,$HALSTEAD_LEVEL,$HALSTEAD_PROG_TIME,$HALSTEAD_VOLUME,$MAINTENANCE_SEVERITY,$MODIFIED_CONDITION_COUNT,$MULTIPLE_CONDITION_COUNT,$NODE_COUNT,$NORMALIZED_CYLOMATIC_COMPLEXITY,$NUM_OPERANDS,$NUM_OPERATORS,$NUM_UNIQUE_OPERANDS,$NUM_UNIQUE_OPERATORS,$NUMBER_OF_LINES,$PERCENT_COMMENTS,$LOC_TOTAL,$<Defective
16,13,1,6,11,20,7,0.24,8,2.5,3,0.43,22,6,0.83,23,0,36.88,23.03,19562.81,0.28,149,0.04,1086.82,849.37,0.86,6,10,17,0.12,68,81,31,21,57,42.5,29,0
2,7,0,0,7,10,4,0.29,4,2.5,1,0.25,11,4,1,14,0,15.93,7.2,825.94,0.04,31,0.14,45.89,114.71,1,3,5,9,0.17,9,22,5,8,24,33.33,14,1
1,13,5,0,0,22,7,0.37,10,2.2,4,0.57,28,7,1,19,1,25.13,19,9073.67,0.16,91,0.05,504.09,477.56,1,6,11,23,0.33,38,53,19,19,21,0,19,0
8,3,1,0,1,4,2,0.14,2,2,2,1,6,1,0,14,1,31.97,10.95,3831.58,0.12,70,0.09,212.87,350,0.5,1,2,6,0.08,32,38,19,13,24,6.67,14,0
1,5,2,1,1,6,3,0.15,2,3,2,0.67,10,3,1,19,1,30.43,9.95,3010.71,0.1,60,0.1,167.26,302.66,1,2,3,9,0.13,27,33,19,14,23,9.52,20,0
14,11,7,0,14,20,6,0.21,10,2,1,0.17,29,1,0,29,0,42.97,21.15,19213.78,0.3,161,0.05,1067.43,908.66,0.17,5,10,25,0.1,69,92,31,19,58,32.56,29,0
6,5,3,1,1,8,3,0.23,4,2,2,0.67,11,1,0,12,2,25.16,11.2,3155.74,0.09,58,0.09,175.32,281.76,0.33,2,4,10,0.14,24,34,15,14,21,14.29,13,0
20,13,13,0,19,12,9,0.17,6,2,9,1,35,1,0,54,0,56.78,18.93,20355.23,0.36,176,0.05,1130.85,1075.1,0.11,3,6,28,0.1,71,105,45,24,94,26.03,54,0
6,5,1,1,3,8,3,0.5,4,2,2,0.67,9,1,0,5,2,12.29,11.25,1555.89,0.05,32,0.09,86.44,138.3,0.33,2,4,8,0.19,15,17,8,12,16,44.44,6,0
33,16,9,12,23,16,10,0.22,6,2.67,8,0.8,33,5,0.44,33,0,48.11,16.19,12617.28,0.26,133,0.06,700.96,779.11,0.5,5,8,25,0.1,53,80,36,22,102,51.47,45,0
1,5,1,0,0,6,3,0.43,2,3,2,0.67,9,3,1,7,1,13.8,7.86,851.86,0.04,26,0.13,47.33,108.42,1,2,3,8,0.33,10,16,7,11,9,0,7,0
0,3,1,0,0,4,2,0.5,2,2,2,1,7,1,0,4,0,8.57,5.25,236.11,0.01,13,0.19,13.12,44.97,0.5,1,2,7,0.4,6,7,4,7,5,0,4,0
2,5,3,1,1,8,3,0.2,4,2,3,1,15,1,0,14,0,33.76,11.7,4621.5,0.13,79,0.09,256.75,395,0.33,2,4,14,0.16,39,40,20,12,19,12.5,15,0
13,11,1,4,8,20,6,0.2,10,2,2,0.33,23,1,0,26,1,56.04,22.34,27977.56,0.42,228,0.04,1554.31,1252.14,0.17,5,10,19,0.12,110,118,32,13,52,31.58,30,0
1,35,6,0,0,52,18,0.69,18,2.89,6,0.33,58,13,0.71,26,0,37.58,34.62,45032.28,0.43,224,0.03,2501.79,1300.85,0.72,17,26,42,0.64,107,117,34,22,28,0,26,0
57,129,24,7,8,252,65,0.35,124,2.02,41,0.63,276,34,0.52,179,2,150.67,48.83,359267.3,2.45,981,0.02,19959.29,7357.35,0.52,64,126,213,0.26,438,543,148,33,252,7.73,186,0
6,9,0,0,0,16,5,0.22,8,2,1,0.2,17,5,1,23,2,22.35,17,6460,0.13,76,0.06,358.89,380,1,4,8,14,0.17,30,46,15,17,30,0,23,0
5,10,5,1,4,10,6,0.21,4,2.5,5,0.83,23,1,0,28,1,38.67,25.92,25983.73,0.33,175,0.04,1443.54,1002.39,0.17,3,5,19,0.15,79,96,32,21,39,15.15,29,0
5,5,3,1,1,8,3,0.2,4,2,3,1,14,1,0,14,0,19.08,9.9,1869.81,0.06,43,0.1,103.88,188.87,0.33,2,4,13,0.14,18,25,10,11,22,12.5,15,0
22,23,1,4,19,40,12,0.44,18,2.22,6,0.5,42,4,0.27,23,1,50.37,18.03,16367.05,0.3,155,0.06,909.28,907.99,0.33,11,20,32,0.17,74,81,39,19,69,50,27,1
1,7,0,0,0,12,4,0.15,6,2,1,0.25,14,1,0,26,1,47.13,21.56,21902.46,0.34,185,0.05,1216.8,1015.99,0.25,3,6,12,0.14,59,126,26,19,28,0,26,0
0,11,3,0,0,20,6,0.27,10,2,4,0.67,26,1,0,22,0,33.56,12.02,4852.71,0.13,80,0.08,269.59,403.55,0.17,5,10,22,0.26,37,43,20,13,23,0,22,0
1,3,0,0,0,4,2,0.25,2,2,1,0.5,6,1,0,8,1,12.48,8.33,866.67,0.03,26,0.12,48.15,104,0.5,1,2,6,0.2,10,16,6,10,10,0,8,0
1,7,0,0,0,12,4,0.4,6,2,1,0.25,15,1,0,10,2,6.88,24.38,4084.91,0.06,41,0.04,226.94,167.59,0.25,3,6,13,0.33,15,26,4,13,12,0,10,0
2,9,5,0,0,12,5,0.25,4,3,5,1,18,4,0.75,20,2,23.94,16.5,6517.5,0.13,79,0.06,362.08,395,0.8,4,6,15,0.22,33,46,16,16,23,0,20,0
13,9,0,0,5,16,5,0.22,8,2,1,0.2,18,5,1,23,0,28.71,23.33,15633.33,0.22,134,0.04,868.52,670,1,4,8,15,0.12,60,74,18,14,42,17.86,23,0
1,13,2,0,0,22,7,0.26,10,2.2,3,0.43,24,1,0,27,2,18.92,19.63,7291.52,0.12,73,0.05,405.08,371.38,0.14,6,11,19,0.24,31,42,15,19,29,0,27,0
24,15,4,7,14,26,8,0.13,12,2.17,7,0.88,37,4,0.43,54,0,75.27,22.24,37216.01,0.56,274,0.04,2067.56,1673.74,0.5,7,13,31,0.08,126,148,51,18,100,28,61,0
15,9,4,14,2,14,5,0.11,6,2.33,3,0.6,21,3,0.5,31,1,61.27,44.61,121958.52,0.91,446,0.02,6775.47,2733.66,0.6,4,7,18,0.08,151,295,44,26,63,34.04,45,0
0,7,2,0,0,12,4,0.24,6,2,3,0.75,13,1,0,17,2,25.96,11.15,3229.13,0.1,64,0.09,179.4,289.51,0.25,3,6,11,0.22,29,35,13,10,18,0,17,0
0,3,0,0,0,4,2,0.4,2,2,1,0.5,5,1,0,5,1,7.24,16.88,2060.67,0.04,33,0.06,114.48,122.11,0.5,1,2,5,0.33,15,18,4,9,6,0,5,0
1,9,0,0,0,16,5,0.45,8,2,1,0.2,18,5,1,11,2,8.42,20.4,3502.14,0.06,42,0.05,194.56,171.67,1,4,8,15,0.38,17,25,5,12,13,0,11,0
0,3,0,0,0,4,2,1,2,2,1,0.5,6,1,0,0,2,13.29,3,119.59,0.01,12,0.33,6.64,39.86,0.5,1,2,6,2,4,8,4,6,1,0,0,0
6,3,0,0,3,4,2,0.2,2,2,1,0.5,6,1,0,10,1,20.54,7.7,1217.55,0.05,36,0.13,67.64,158.12,0.5,1,2,6,0.1,14,22,10,11,20,23.08,10,0
18,9,1,0,0,12,5,0.38,4,3,2,0.4,14,5,1,13,2,16.54,12.36,2527.87,0.07,43,0.08,140.44,204.46,1,4,6,11,0.16,17,26,11,16,32,0,13,0
0,5,2,0,0,8,3,0.75,4,2,3,1,10,3,1,4,0,12.61,6.75,574.49,0.03,23,0.15,31.92,85.11,1,2,4,9,0.6,6,17,4,9,5,0,4,0
18,19,2,3,9,30,10,0.31,12,2.5,5,0.5,32,7,0.67,29,0,53.13,18.65,18483.6,0.33,173,0.05,1026.86,990.93,0.7,9,15,24,0.17,79,94,36,17,60,29.27,32,0
3,5,5,1,1,8,3,0.13,4,2,3,1,12,3,1,22,4,35.61,11.67,4847.17,0.14,81,0.09,269.29,415.47,1,2,4,11,0.11,35,46,21,14,28,8.33,23,0
3,3,0,0,0,4,2,0.5,2,2,1,0.5,6,1,0,4,2,11.42,7.33,614.25,0.03,22,0.14,34.13,83.76,0.5,1,2,6,0.25,11,11,6,8,8,0,4,0
5,3,2,1,6,4,2,0.22,2,2,2,1,8,1,0,8,0,19.72,4,315.48,0.03,22,0.25,17.53,78.87,0.5,1,2,8,0.1,8,14,6,6,21,46.67,9,0
36,13,3,10,27,22,7,0.12,10,2.2,6,0.86,28,6,0.83,48,1,79.19,19.4,29800.23,0.51,243,0.05,1655.57,1536.23,0.86,6,11,23,0.06,109,134,59,21,122,43.53,58,1
1,13,1,0,1,24,7,0.41,12,2,3,0.43,25,1,0,17,3,12.97,39.75,20489.85,0.17,111,0.03,1138.33,515.47,0.14,6,12,20,0.35,53,58,10,15,20,5.56,17,0
17,11,1,4,7,16,6,0.27,6,2.67,3,0.5,18,6,1,18,1,36.66,13.45,6637.2,0.16,94,0.07,368.73,493.31,1,5,8,14,0.13,37,57,22,16,47,37.93,22,1
4,3,0,0,0,4,2,0.33,2,2,1,0.5,5,1,0,6,1,14.8,8.56,1083.64,0.04,28,0.12,60.2,126.66,0.5,1,2,5,0.18,11,17,9,14,11,0,6,0
4,5,0,0,6,8,3,0.23,4,2,1,0.33,12,1,0,13,0,16.82,11.11,2076.76,0.06,44,0.09,115.38,186.91,0.33,2,4,11,0.13,20,24,9,10,24,31.58,13,0
1,5,1,0,0,8,3,0.38,4,2,2,0.67,10,3,1,8,1,10.76,14.86,2375.83,0.05,37,0.07,131.99,159.91,1,2,4,9,0.3,16,21,7,13,10,0,8,0
4,21,2,0,1,34,11,0.38,14,2.43,3,0.27,39,5,0.4,29,3,26.43,34.72,31867.04,0.31,161,0.03,1770.39,917.77,0.45,10,17,30,0.31,75,86,27,25,35,3.33,29,0
60,3,8,8,34,4,2,0.06,2,2,2,1,14,1,0,23,0,74.64,13.81,14241.04,0.34,180,0.07,791.17,1031.03,0.5,1,2,14,0.02,85,95,40,13,126,64.62,31,1
4,3,4,0,0,4,2,0.11,2,2,2,1,11,1,0,19,1,49.17,9.13,4099.12,0.15,89,0.11,227.73,448.95,0.5,1,2,11,0.08,42,47,23,10,24,0,19,0
2,15,0,0,0,28,8,0.36,14,2,1,0.13,29,8,1,22,1,15.12,25.5,9828.72,0.13,83,0.04,546.04,385.44,1,7,14,23,0.32,34,49,10,15,25,0,22,0
24,21,7,8,19,40,11,0.18,20,2,8,0.73,45,1,0,52,0,100.29,13.93,19463.42,0.47,225,0.07,1081.3,1397.13,0.09,10,20,36,0.11,101,124,58,16,104,34.18,60,0
36,25,8,12,24,44,13,0.23,20,2.2,8,0.62,50,6,0.42,44,3,75.71,19.73,29480.66,0.5,237,0.05,1637.81,1494,0.46,12,22,39,0.11,109,128,58,21,117,45,56,1
4,21,2,0,0,40,11,0.52,20,2,6,0.55,43,1,0,21,2,24.3,27,17711.76,0.22,125,0.04,983.99,655.99,0.09,10,20,34,0.42,60,65,20,18,26,0,21,0
1,3,1,0,0,4,2,0.25,2,2,1,0.5,7,1,0,8,2,13.56,5.33,385.81,0.02,19,0.19,21.43,72.34,0.5,1,2,7,0.2,8,11,6,8,10,0,8,0
3,13,4,5,0,24,7,0.26,12,2,7,1,27,6,0.83,22,3,36.01,13.42,6486.52,0.16,95,0.07,360.36,483.31,0.86,6,12,22,0.23,34,61,19,15,31,18.52,27,0
1,3,2,1,0,4,2,0.4,2,2,2,1,5,1,0,4,3,13.87,4.67,302.05,0.02,17,0.21,16.78,64.73,0.5,1,2,5,0.29,7,10,6,8,7,20,5,0
1,5,0,0,0,8,3,0.3,4,2,1,0.33,9,1,0,10,0,20,6,720,0.04,30,0.17,40,120,0.33,2,4,8,0.25,12,18,8,8,12,0,10,0
13,5,1,0,12,8,3,0.08,4,2,1,0.33,19,1,0,36,0,49.13,19.76,19184.32,0.32,185,0.05,1065.8,970.87,0.33,2,4,18,0.05,76,109,25,13,62,25,36,0
7,25,10,4,16,42,13,0.17,18,2.33,10,0.77,47,5,0.33,71,1,70.93,18.61,24562.78,0.44,210,0.05,1364.6,1319.93,0.38,12,23,36,0.13,89,121,55,23,99,21.98,75,1
4,7,4,1,4,12,4,0.31,6,2,3,0.75,16,1,0,12,1,40.37,13,6822.31,0.17,100,0.08,379.02,524.79,0.25,3,6,14,0.18,50,50,25,13,22,29.41,13,0
1,3,4,0,0,4,2,0.2,2,2,2,1,10,1,0,10,2,20.81,9,1685.67,0.06,42,0.11,93.65,187.3,0.5,1,2,10,0.17,18,24,11,11,12,0,10,0
8,143,14,3,0,264,73,0.51,128,2.06,60,0.82,357,15,0.19,139,2,123.47,68.57,580469.3,2.82,1130,0.01,32248.29,8465.79,0.21,68,132,286,0.48,530,600,143,37,151,2.11,142,0
1,5,1,0,0,6,3,0.2,2,3,1,0.33,9,3,1,15,1,30.72,25.5,19978.47,0.26,154,0.04,1109.91,783.47,1,2,3,8,0.18,51,103,17,17,17,0,15,0
18,9,8,2,24,16,5,0.1,8,2,5,1,40,1,0,49,2,72.48,20.68,31004.8,0.5,257,0.05,1722.49,1499.05,0.2,4,8,37,0.06,106,151,41,16,80,34.67,51,1
1,7,0,0,0,12,4,0.29,6,2,1,0.25,14,3,0.67,14,1,15.86,13.3,2805.08,0.07,46,0.08,155.84,210.91,0.75,3,6,12,0.25,19,27,10,14,16,0,14,0
2,7,1,0,0,12,4,0.44,6,2,2,0.5,14,3,0.67,9,1,10.4,19,3755.43,0.07,45,0.05,208.64,197.65,0.75,3,6,12,0.33,19,26,7,14,12,0,9,0
1,5,0,1,0,8,3,0.27,4,2,1,0.33,10,1,0,10,2,13.96,11.67,1899.9,0.05,36,0.09,105.55,162.85,0.33,2,4,9,0.23,15,21,9,14,13,9.09,11,0
2,7,0,0,0,12,4,0.29,6,2,1,0.25,16,1,0,14,3,21.83,21.53,10120.67,0.16,94,0.05,562.26,470,0.25,3,6,14,0.24,38,56,15,17,17,0,14,0
5,67,16,1,1,130,34,0.37,64,2.02,30,0.88,153,17,0.48,90,2,179.17,21.38,81861.96,1.28,548,0.05,4547.89,3829.8,0.5,33,65,121,0.35,243,305,108,19,98,2.17,91,0
2,7,1,0,0,12,4,0.57,6,2,2,0.5,14,4,1,7,2,7.8,19.6,2997.34,0.05,36,0.05,166.52,152.93,1,3,6,12,0.4,14,22,5,14,10,0,7,0
22,13,7,10,0,22,7,0.16,10,2.2,6,0.86,28,4,0.5,33,1,71.6,13.86,13750.99,0.33,166,0.07,763.94,992.23,0.57,6,11,23,0.11,75,91,46,17,66,23.26,43,1
33,7,2,4,19,12,4,0.18,6,2,4,1,19,1,0,18,0,43.02,9.88,4199.81,0.14,81,0.1,233.32,425.08,0.25,3,6,17,0.05,38,43,25,13,75,56.1,22,0
4,3,0,1,0,4,2,0.29,2,2,1,0.5,5,1,0,6,1,21.76,5.25,599.66,0.04,30,0.19,33.31,114.22,0.5,1,2,5,0.17,14,16,8,6,12,14.29,7,0
1,7,0,0,0,8,4,0.44,2,4,1,0.25,10,4,1,9,1,17.8,12.28,2682.84,0.07,49,0.08,149.05,218.51,1,3,4,8,0.36,17,32,9,13,11,0,9,0
3,19,12,0,0,34,10,0.22,16,2.13,8,0.8,62,3,0.22,45,2,48.13,38.75,72273.89,0.62,291,0.03,4015.22,1865.13,0.3,9,17,54,0.2,135,156,54,31,49,0,45,0
13,37,8,0,0,72,19,0.46,36,2,16,0.84,85,5,0.22,41,0,88.36,21.82,42062.82,0.64,300,0.05,2336.82,1927.88,0.26,18,36,68,0.35,144,156,66,20,55,0,41,0
23,9,4,6,16,16,5,0.14,8,2,4,0.8,25,1,0,31,1,90.58,12.32,13749.12,0.37,186,0.08,763.84,1116,0.2,4,8,22,0.06,88,98,50,14,77,41.51,37,1
5,11,0,4,2,18,6,0.24,8,2.25,1,0.17,20,3,0.4,21,3,35.4,12.07,5158.69,0.14,84,0.08,286.59,427.35,0.5,5,9,16,0.18,39,45,21,13,33,22.22,25,0
5,69,8,0,0,130,35,0.54,62,2.1,11,0.31,141,19,0.53,65,3,70.75,49.5,173359.85,1.17,526,0.02,9631.1,3502.22,0.54,34,65,108,0.44,204,322,68,33,80,0,65,0
0,5,3,0,0,6,3,0.5,2,3,2,0.67,9,3,1,6,0,19.25,6.5,813.14,0.04,30,0.15,45.17,125.1,1,2,3,8,0.43,13,17,9,9,7,0,6,0
2,7,0,0,0,12,4,0.67,6,2,1,0.25,13,4,1,6,2,7.22,13.33,1282.82,0.03,26,0.08,71.27,96.21,1,3,6,11,0.44,8,18,3,10,9,0,6,0
10,11,1,0,0,16,6,0.67,6,2.67,4,0.67,17,3,0.4,9,0,33.68,10.74,3883.05,0.12,73,0.09,215.72,361.66,0.5,5,8,13,0.3,34,39,19,12,20,0,9,1
9,17,6,4,8,30,9,0.27,14,2.14,4,0.44,39,7,0.75,29,2,58.4,14.93,13015,0.29,147,0.07,723.06,871.82,0.78,8,15,32,0.18,66,81,42,19,51,29.27,33,0
10,3,1,0,15,4,2,0.33,2,2,1,0.5,6,1,0,6,1,22.54,6.14,848.67,0.05,32,0.16,47.15,138.3,0.5,1,2,6,0.06,15,17,11,9,32,71.43,6,0
3,5,2,4,4,4,3,0.14,2,2,3,1,10,1,0,18,0,23.37,9.15,1958.65,0.07,45,0.11,108.81,213.97,0.33,1,2,9,0.1,17,28,13,14,30,30.77,22,0
1,5,0,1,0,8,3,0.27,4,2,1,0.33,10,1,0,10,1,12.7,16.25,3354.63,0.07,47,0.06,186.37,206.44,0.33,2,4,9,0.23,20,27,8,13,13,9.09,11,0
4,43,22,4,1,82,22,0.29,40,2.05,21,0.95,118,12,0.52,73,1,98.77,30.8,93697.55,1.01,442,0.03,5205.42,3042.13,0.55,21,41,98,0.27,198,244,90,28,83,6.41,77,0
1,13,4,0,1,16,7,0.47,4,4,6,0.86,21,7,1,15,0,26.3,11.7,3599.75,0.1,64,0.09,199.99,307.67,1,6,8,16,0.39,27,37,15,13,18,6.25,15,0
15,5,4,1,25,8,3,0.2,4,2,3,1,11,1,0,14,1,49.71,9.92,4895.11,0.16,94,0.1,271.95,493.31,0.33,2,4,10,0.05,43,51,26,12,56,65,15,0
1,19,10,0,0,16,13,0.3,8,2,9,0.69,51,3,0.17,43,1,47.44,23.4,25974,0.37,185,0.04,1443,1110,0.23,4,8,40,0.29,78,107,40,24,45,0,43,0
4,3,0,1,1,4,2,0.29,2,2,1,0.5,5,1,0,6,2,14.14,5.25,389.71,0.02,19,0.19,21.65,74.23,0.5,1,2,5,0.15,7,12,6,9,13,25,7,0
17,13,2,5,8,22,7,0.23,10,2.2,3,0.43,26,6,0.83,26,3,43.02,27.35,32179.65,0.39,200,0.04,1787.76,1176.53,0.86,6,11,21,0.12,92,108,37,22,57,33.33,31,0
5,19,1,3,2,36,10,0.22,18,2,2,0.2,42,6,0.56,43,1,40.83,24.08,23672.68,0.33,186,0.04,1315.15,983.08,0.6,9,18,34,0.19,86,100,25,14,54,10.42,46,0
30,21,7,7,27,40,11,0.21,20,2,5,0.45,49,7,0.6,46,3,58.55,21.92,28134.83,0.43,222,0.05,1563.05,1283.46,0.64,10,20,40,0.1,98,124,38,17,111,42.5,53,1
1,5,4,0,0,8,3,0.33,4,2,3,1,11,1,0,9,2,24,4.67,522.66,0.04,28,0.21,29.04,112,0.33,2,4,10,0.27,12,16,9,7,11,0,9,0
9,7,3,3,6,12,4,0.31,6,2,4,1,14,1,0,10,0,29.06,6.54,1242.24,0.06,42,0.15,69.01,189.99,0.25,3,6,12,0.14,17,25,13,10,29,47.37,13,0
4,11,5,0,0,18,6,0.33,8,2.25,4,0.67,26,4,0.6,18,5,34.93,12.73,5658.72,0.15,86,0.08,314.37,444.61,0.67,5,9,22,0.13,40,46,22,14,45,0,18,0
2,17,0,14,0,32,9,0.56,16,2,1,0.11,33,1,0,2,1,85.3,11,10321.01,0.31,168,0.09,573.39,938.27,0.11,8,16,26,0.47,74,94,37,11,19,87.5,16,1
0,3,1,0,0,4,2,0.17,2,2,2,1,6,1,0,12,2,26.06,4,416.99,0.03,25,0.25,23.17,104.25,0.5,1,2,6,0.15,10,15,10,8,13,0,12,0
2,13,2,0,0,20,7,0.54,8,2.5,5,0.71,24,6,0.83,13,2,7.8,43.5,14758.99,0.11,74,0.02,819.94,339.29,0.86,6,10,19,0.44,29,45,6,18,16,0,13,0
21,19,3,6,10,32,10,0.2,14,2.29,5,0.5,39,3,0.22,45,0,59.99,23.54,33237.05,0.47,226,0.04,1846.5,1412.03,0.3,9,16,31,0.12,102,124,52,24,83,26.23,51,0
8,3,3,0,0,4,2,0.25,2,2,2,1,10,1,0,8,1,23.66,7.92,1482.76,0.06,42,0.13,82.38,187.3,0.5,1,2,10,0.12,19,23,12,10,17,0,8,0
4,11,2,0,0,18,6,0.32,8,2.25,2,0.33,21,3,0.4,19,0,17.53,23.33,9541.89,0.14,87,0.04,530.11,408.94,0.5,5,9,17,0.25,40,47,12,14,24,0,19,0
53,21,5,12,22,38,11,0.13,18,2.11,8,0.73,52,4,0.3,73,0,132.29,22.53,67179.31,0.99,444,0.04,3732.18,2981.13,0.36,10,19,43,0.07,204,240,86,19,161,31.78,85,1
0,3,1,0,0,6,2,0.67,2,3,1,0.5,6,1,0,3,0,9.49,3.5,116.27,0.01,10,0.29,6.46,33.22,0.5,2,3,6,0.5,3,7,3,7,4,0,3,0
1,7,1,0,0,12,4,0.25,6,2,1,0.25,15,1,0,16,1,13.27,21,5851.26,0.09,60,0.05,325.07,278.63,0.25,3,6,13,0.22,28,32,10,15,18,0,16,0
10,9,3,4,3,16,5,0.33,8,2,4,0.8,18,1,0,11,1,30.6,10.95,3667.37,0.11,67,0.09,203.74,335,0.2,4,8,15,0.17,32,35,19,13,29,38.89,15,1
10,7,2,1,3,14,4,0.33,6,2.33,3,0.75,14,1,0,11,0,23.9,19.68,9260.7,0.16,91,0.05,514.48,470.46,0.25,4,7,12,0.15,44,47,19,17,26,26.67,12,1
0,3,1,0,0,4,2,0.25,2,2,1,0.5,8,1,0,8,4,16.53,7.5,930,0.04,31,0.13,51.67,124,0.5,1,2,8,0.22,15,16,8,8,9,0,8,0
1,9,1,0,2,12,5,0.5,6,2,5,1,14,5,1,10,1,14.4,16,3685.14,0.08,49,0.06,204.73,230.32,1,3,6,11,0.36,20,29,10,16,14,16.67,10,0
1,3,1,0,0,4,2,0.18,2,2,2,1,8,1,0,11,1,22.15,6.4,907.38,0.05,34,0.16,50.41,141.78,0.5,1,2,8,0.15,16,18,10,8,13,0,11,0
1,3,0,0,0,4,2,0.25,2,2,1,0.5,7,1,0,8,0,16.35,11.5,2162,0.06,47,0.09,120.11,188,0.5,1,2,7,0.2,23,24,8,8,10,0,8,0
2,15,4,3,0,20,9,0.43,10,2,7,0.78,33,4,0.38,18,2,19.75,23.8,11186,0.16,94,0.04,621.44,470,0.44,5,10,26,0.2,42,52,15,17,44,14.29,21,0
25,3,1,0,10,4,2,0.1,2,2,1,0.5,8,1,0,21,0,46.11,14.5,9695.39,0.22,124,0.07,538.63,668.65,0.5,1,2,8,0.04,58,66,28,14,57,32.25,21,0
4,20,8,2,2,24,12,0.27,12,2,5,0.42,48,1,0,43,0,47.52,28.6,38870.09,0.45,221,0.03,2159.45,1359.09,0.08,6,12,38,0.23,99,122,45,26,52,8.51,45,0
9,13,0,1,0,24,7,0.21,12,2,1,0.14,30,1,0,33,0,48.23,21,21270.06,0.34,176,0.05,1181.67,1012.86,0.14,6,12,25,0.16,84,92,36,18,44,2.94,34,0
1,7,0,0,0,12,4,0.57,6,2,1,0.25,13,3,0.67,7,1,13.83,11.25,1750.38,0.05,36,0.09,97.24,155.59,0.75,3,6,11,0.44,15,21,8,12,9,0,7,0
28,9,4,5,23,16,5,0.14,8,2,5,1,23,1,0,32,2,99.95,11.96,14297.65,0.4,200,0.08,794.31,1195.46,0.2,4,8,20,0.06,92,108,50,13,89,46.67,37,1
0,3,0,0,0,4,2,0.29,2,2,1,0.5,7,1,0,7,3,11.76,11.33,1510.25,0.04,35,0.09,83.9,133.26,0.5,1,2,7,0.25,17,18,6,8,8,0,7,0
1,3,0,0,0,4,2,0.29,2,2,1,0.5,5,1,0,7,1,14.51,4.2,255.97,0.02,17,0.24,14.22,60.94,0.5,1,2,5,0.22,6,11,5,7,9,0,7,0
3,5,1,0,0,8,3,0.33,4,2,2,0.67,9,1,0,9,1,13.27,11.25,1679.37,0.05,33,0.09,93.3,149.28,0.33,2,4,8,0.23,12,21,8,15,13,0,9,0
7,25,10,0,0,44,13,0.38,22,2,9,0.69,51,6,0.42,34,1,68.44,31.61,68400.43,0.72,353,0.03,3800.02,2163.64,0.46,11,22,40,0.31,107,246,44,26,42,0,34,0
4,7,3,0,1,12,4,0.25,6,2,4,1,14,1,0,16,0,25.4,12.79,4158.09,0.11,65,0.08,231,325,0.25,3,6,12,0.18,29,36,17,15,22,5.88,16,0
1,3,0,0,0,4,2,0.1,2,2,1,0.5,5,1,0,20,0,47.51,25.6,31133.81,0.41,227,0.04,1729.66,1216.16,0.5,1,2,5,0.09,80,147,25,16,22,0,20,0
2,13,4,0,0,24,7,0.24,12,2,2,0.29,30,3,0.33,29,1,28.86,20.94,12659.07,0.2,122,0.05,703.28,604.41,0.43,6,12,25,0.22,58,64,18,13,32,0,29,0
19,11,7,0,14,20,6,0.18,10,2,4,0.67,26,1,0,34,1,51.05,19.74,19886.3,0.34,172,0.05,1104.79,1007.57,0.17,5,10,22,0.09,75,97,38,20,68,29.17,34,1
0,13,0,0,0,18,7,1,6,3,1,0.14,19,7,1,7,1,23.57,7.11,1191.72,0.06,41,0.14,66.21,167.59,1,6,9,14,0.88,16,25,9,8,8,0,7,0
28,11,3,9,17,20,6,0.18,10,2,5,0.83,26,1,0,25,1,65.18,9.85,6318.58,0.21,111,0.1,351.03,641.73,0.17,5,10,22,0.08,48,63,39,16,80,50.98,34,0
13,5,8,1,13,8,3,0.14,4,2,2,0.67,22,1,0,20,0,50.44,8.5,3644.57,0.14,85,0.12,202.48,428.77,0.33,2,4,21,0.06,34,51,22,11,48,41.18,21,1
7,85,7,4,0,168,43,0.31,84,2,27,0.63,232,18,0.4,136,2,170.88,39.94,272550.45,2.27,920,0.03,15141.69,6824.42,0.42,42,84,191,0.29,426,494,144,27,148,2.86,140,0
4,53,6,0,0,100,27,0.44,48,2.08,23,0.85,124,19,0.69,62,2,88.96,33,96874.9,0.98,450,0.03,5381.94,2935.6,0.7,26,50,99,0.4,210,240,70,22,67,0,62,0
13,9,7,1,42,16,5,0.1,8,2,3,0.6,33,1,0,50,3,106.51,20,42604.83,0.71,325,0.05,2366.93,2130.24,0.2,4,8,30,0.05,148,177,74,20,107,46.24,51,1
7,31,4,7,12,56,16,0.46,26,2.15,6,0.38,68,11,0.67,28,0,33.74,35.21,41834.57,0.4,198,0.03,2324.14,1188,0.69,15,28,54,0.29,85,113,35,29,55,40.43,35,0
14,9,4,0,10,16,5,0.18,8,2,2,0.4,21,1,0,28,0,41.8,17.61,12957.24,0.25,134,0.06,719.85,735.91,0.2,4,8,18,0.09,58,76,28,17,53,26.32,28,0
12,17,4,0,28,32,9,0.07,16,2,2,0.22,44,1,0,137,4,154.38,37.66,218997.95,1.94,832,0.03,12166.55,5814.59,0.11,8,16,37,0.05,403,429,107,20,178,16.97,137,0
0,3,2,0,0,4,2,0.22,2,2,2,1,8,1,0,9,2,16.25,8.89,1283.82,0.05,34,0.11,71.32,144.43,0.5,1,2,8,0.2,16,18,9,10,10,0,9,0
10,5,2,1,8,8,3,0.3,4,2,1,0.33,12,1,0,9,0,33.57,11,4062.39,0.12,72,0.09,225.69,369.31,0.33,2,4,11,0.1,33,39,21,14,29,50,10,0
3,9,3,4,2,14,5,0.17,6,2.33,3,0.6,20,3,0.5,26,5,30.81,17.22,9132.06,0.18,99,0.06,507.34,530.4,0.6,4,7,17,0.14,44,55,23,18,36,18.75,30,0
2,143,8,0,0,186,72,1.24,88,2.11,71,0.99,221,70,0.97,58,0,89.69,33.23,99019.72,0.99,483,0.03,5501.1,2980.07,0.97,49,93,151,1.18,215,268,55,17,61,0,58,0
3,26,4,4,1,32,14,0.33,10,3.2,5,0.36,43,9,0.62,38,1,39.75,37.71,56535.7,0.5,257,0.03,3140.87,1499.05,0.64,11,16,31,0.3,120,137,35,22,47,11.63,42,1
24,7,4,2,12,12,4,0.12,6,2,4,1,19,1,0,31,2,44.69,18.75,15711.84,0.28,147,0.05,872.88,837.96,0.25,3,6,17,0.06,60,87,32,20,70,31.11,33,1
1,5,0,0,0,8,3,0.19,4,2,1,0.33,10,3,1,16,2,15.53,18.9,5545.97,0.1,64,0.05,308.11,293.44,1,2,4,9,0.17,27,37,10,14,18,0,16,0
6,5,4,1,7,8,3,0.2,4,2,3,1,12,1,0,14,0,43.72,7.5,2459.14,0.11,65,0.13,136.62,327.89,0.33,2,4,11,0.1,30,35,22,11,29,36.36,15,0
8,3,4,0,17,4,2,0.17,2,2,2,1,9,1,0,12,0,24.49,6,881.67,0.05,34,0.17,48.98,146.95,0.5,1,2,9,0.05,12,22,10,10,38,58.62,12,0
13,7,2,4,0,10,4,0.22,4,2.5,3,0.75,13,3,0.67,14,1,31.36,10.11,3205.92,0.11,64,0.1,178.11,317.07,0.75,3,5,11,0.13,28,36,18,13,32,22.22,18,0
13,15,3,1,5,24,8,0.21,10,2.4,6,0.75,34,5,0.57,38,0,59.63,25.26,38050.55,0.5,252,0.04,2113.92,1506.27,0.63,7,12,28,0.14,117,135,44,19,58,13.64,39,0
1,7,0,1,1,10,4,0.29,4,2.5,1,0.25,12,3,0.67,13,1,22.43,10.08,2280.63,0.08,50,0.1,126.7,226.18,0.75,3,5,10,0.24,22,28,12,11,17,13.33,14,0
3,3,0,0,1,4,2,0.4,2,2,1,0.5,6,1,0,5,2,10.41,6.4,426.29,0.02,18,0.16,23.68,66.61,0.5,1,2,6,0.2,8,10,5,8,10,16.67,5,0
4,15,1,1,1,26,8,0.38,12,2.17,2,0.25,32,4,0.43,20,1,15.74,26.13,10742.56,0.14,83,0.04,596.81,411.2,0.5,7,13,26,0.3,33,50,12,19,27,9.09,21,0
6,5,2,5,15,8,3,0.14,4,2,1,0.33,19,1,0,16,2,50.16,27.35,37530.39,0.46,247,0.04,2085.02,1371.98,0.33,2,4,18,0.07,106,141,31,16,43,55.56,21,0
2,3,0,0,0,4,2,0.4,2,2,1,0.5,6,1,0,5,2,6.5,6,234,0.01,13,0.17,13,39,0.5,1,2,6,0.25,4,9,2,6,8,0,5,0
12,5,1,2,8,8,3,0.25,4,2,2,0.67,11,1,0,10,1,15.75,12.35,2402.24,0.06,43,0.08,133.46,194.51,0.33,2,4,10,0.09,19,24,10,13,33,50,12,0
7,7,1,2,3,10,4,0.31,4,2.5,2,0.5,11,1,0,11,0,19.24,17.68,6011.75,0.11,70,0.06,333.99,340.06,0.25,3,5,9,0.17,33,37,14,15,24,31.25,13,0
6,3,6,2,9,4,2,0.17,2,2,2,1,11,1,0,10,0,40.52,5.75,1339.69,0.08,49,0.17,74.43,232.99,0.5,1,2,11,0.07,23,26,18,9,28,52.38,12,1
11,5,2,4,22,8,3,0.1,4,2,2,0.67,18,1,0,25,0,25.67,18.53,8812.64,0.16,96,0.05,489.59,475.6,0.33,2,4,17,0.05,45,51,17,14,63,50.98,29,0
1,5,1,0,0,8,3,0.43,4,2,1,0.33,10,1,0,7,1,11.62,9.75,1104.67,0.04,29,0.1,61.37,113.3,0.33,2,4,9,0.33,13,16,6,9,9,0,7,0
14,3,3,2,9,4,2,0.18,2,2,2,1,9,1,0,9,1,32.85,9.12,2731.26,0.1,63,0.11,151.74,299.56,0.5,1,2,9,0.06,31,32,17,10,35,55,11,0
14,10,1,2,3,6,7,0.23,2,3,2,0.29,20,3,0.33,28,0,29.63,16.28,7847.47,0.16,90,0.06,435.97,482.18,0.43,2,3,15,0.15,31,59,20,21,48,15.15,30,0
16,13,2,4,11,22,7,0.29,10,2.2,4,0.57,24,4,0.5,20,0,47.71,15.97,12167.64,0.25,135,0.06,675.98,761.92,0.57,6,11,19,0.13,62,73,33,17,52,42.86,24,1
5,7,2,1,3,10,4,0.29,4,2.5,3,0.75,11,4,1,13,0,28.06,10.56,3130.06,0.1,61,0.09,173.89,296.34,1,3,5,9,0.17,26,35,16,13,23,23.53,14,0
22,12,9,6,33,12,7,0.22,6,2,6,0.86,30,1,0,26,0,42.74,11.03,5204.26,0.16,84,0.09,289.13,471.64,0.14,3,6,25,0.08,32,52,29,20,88,60,32,0
10,11,7,2,0,16,6,0.16,8,2,6,1,25,4,0.6,36,1,37,27.73,28450.7,0.34,171,0.04,1580.59,1026,0.67,4,8,21,0.12,76,95,37,27,49,5.26,38,0
2,9,5,1,0,16,5,0.21,8,2,5,1,24,5,1,23,2,23.67,23,12520.25,0.18,107,0.04,695.57,544.36,1,4,8,21,0.19,46,61,17,17,27,4.17,24,0
25,49,0,24,0,96,25,0.19,48,2,1,0.04,121,1,0,108,1,1295.68,12.3,195940.93,5.31,1879,0.08,10885.61,15933.51,0.04,24,48,98,0.16,951,928,348,9,158,18.18,132,0
0,3,0,0,0,4,2,0.33,2,2,1,0.5,5,1,0,6,2,10.04,5,250.95,0.02,14,0.2,13.94,50.19,0.5,1,2,5,0.29,5,9,4,8,7,0,6,0
4,5,2,2,0,8,3,0.19,4,2,2,0.67,11,1,0,14,0,31.7,10.47,3476.06,0.11,67,0.1,193.11,331.93,0.33,2,4,10,0.14,29,38,18,13,21,12.5,16,0
8,5,0,1,8,8,3,0.43,2,4,1,0.33,7,1,0,6,0,17.75,9.9,1739.36,0.06,40,0.1,96.63,175.69,0.33,3,4,6,0.13,18,22,10,11,24,60,7,0
4,3,3,0,0,4,2,0.33,2,2,2,1,7,1,0,6,2,23.63,6,850.66,0.05,34,0.17,47.26,141.78,0.5,1,2,7,0.18,15,19,10,8,11,0,6,0
1,3,0,0,0,4,2,0.22,2,2,1,0.5,5,1,0,9,2,17.71,14,3472,0.08,62,0.07,192.89,248,0.5,1,2,5,0.18,28,34,8,8,11,0,9,0
1,7,0,0,1,12,4,0.31,6,2,1,0.25,14,1,0,13,1,14.3,23.27,7746.14,0.11,70,0.04,430.34,332.84,0.25,3,6,12,0.25,32,38,11,16,16,7.14,13,0
2,9,1,0,0,14,5,0.63,6,2.33,4,0.8,18,4,0.75,8,1,7.35,21.12,3281.21,0.05,38,0.05,182.29,155.32,0.8,4,7,15,0.45,13,25,4,13,11,0,8,0
15,5,1,2,2,8,3,0.06,4,2,1,0.33,10,1,0,49,0,102.96,17.5,31530.62,0.6,285,0.06,1751.7,1801.75,0.33,2,4,9,0.04,140,145,64,16,69,7.55,51,1
1,11,2,0,0,18,6,0.33,8,2.25,2,0.33,21,6,1,18,4,22.75,20,9099.07,0.15,88,0.05,505.5,454.95,1,5,9,17,0.3,40,48,18,18,20,0,18,0
2,5,1,0,0,8,3,0.23,4,2,1,0.33,12,1,0,13,1,18.54,16.14,4839.01,0.1,63,0.06,268.83,299.56,0.33,2,4,11,0.19,30,33,13,14,16,0,13,0
2,3,2,0,0,4,2,0.13,2,2,2,1,8,1,0,15,0,25.27,11.39,3280.22,0.1,62,0.09,182.23,287.92,0.5,1,2,8,0.11,29,33,14,11,18,0,15,0
1,5,1,0,1,8,3,0.33,4,2,2,0.67,9,1,0,9,0,10.79,14.57,2290.24,0.05,37,0.07,127.24,157.17,0.33,2,4,8,0.25,17,20,7,12,12,10,9,0
15,9,3,5,37,16,5,0.21,8,2,4,0.8,19,4,0.75,19,3,33.28,15.94,8459.67,0.18,95,0.06,469.98,530.57,0.8,4,8,16,0.06,41,54,27,21,77,68.85,24,1
3,37,3,0,0,60,19,0.53,24,2.5,6,0.32,68,11,0.56,36,3,33.88,39.58,53092.15,0.45,232,0.03,2949.56,1341.28,0.58,18,30,51,0.48,95,137,30,25,40,0,36,0
13,7,3,3,6,12,4,0.19,6,2,3,0.75,15,1,0,18,1,56.43,12.83,9294.08,0.24,138,0.08,516.34,724.21,0.25,3,6,13,0.1,63,75,27,11,41,33.33,21,0
1,7,4,0,0,12,4,0.33,6,2,3,0.75,20,3,0.67,12,2,18.68,12.83,3076.44,0.08,51,0.08,170.91,239.72,0.75,3,6,18,0.29,22,29,12,14,14,0,12,0
1,22,5,2,1,32,13,0.29,16,2,10,0.77,54,8,0.58,43,2,41.66,36.87,56634.51,0.51,256,0.03,3146.36,1536,0.62,8,16,43,0.27,89,167,35,29,48,6.52,45,0
1,15,3,3,0,28,8,0.22,14,2,4,0.5,36,1,0,34,3,23.86,46,50477.9,0.37,201,0.02,2804.33,1097.35,0.13,7,14,30,0.21,92,109,22,22,39,8.1,37,0
20,14,1,9,22,16,9,0.19,8,2,2,0.22,29,1,0,38,2,16.23,147.53,353307.23,0.8,447,0.01,19628.18,2394.83,0.11,4,8,22,0.1,209,238,17,24,90,44.93,47,0
1,3,0,0,0,4,2,0.4,2,2,1,0.5,6,1,0,5,3,10.75,5,268.87,0.02,15,0.2,14.94,53.77,0.5,1,2,6,0.29,5,10,4,8,7,0,5,0
4,5,0,0,1,8,3,0.33,4,2,1,0.33,10,1,0,9,2,18.27,7.33,982.52,0.04,31,0.14,54.58,133.98,0.33,2,4,9,0.2,12,19,9,11,15,10,9,0
3,17,0,17,0,32,9,0.47,16,2,1,0.11,33,1,0,2,1,76.91,15.85,19327.77,0.41,222,0.06,1073.76,1219.19,0.11,8,16,26,0.39,98,124,34,11,23,89.47,19,1
17,7,4,4,7,12,4,0.2,6,2,4,1,22,1,0,16,1,46.83,14.48,9823.41,0.23,125,0.07,545.75,678.28,0.25,3,6,20,0.09,60,65,29,14,45,40.74,20,0
3,37,4,0,2,54,20,0.41,22,2.45,7,0.35,72,12,0.58,49,2,25.89,66.86,115710.92,0.58,293,0.01,6428.38,1730.72,0.6,16,31,54,0.36,117,176,28,32,55,3.92,49,0
0,3,1,0,0,4,2,0.5,2,2,2,1,6,1,0,4,1,9.51,3,85.59,0.01,9,0.33,4.75,28.53,0.5,1,2,6,0.4,3,6,3,6,5,0,4,0
16,9,5,5,22,16,5,0.12,8,2,5,1,22,1,0,38,1,67.8,13.4,12174.52,0.3,152,0.07,676.36,908.55,0.2,4,8,19,0.06,67,85,45,18,82,41.54,43,1
5,29,6,0,0,56,15,0.41,28,2,15,1,66,14,0.93,37,4,93.04,18.79,32840.16,0.58,272,0.05,1824.45,1747.94,0.93,14,28,53,0.23,124,148,66,20,65,0,37,0
1,13,2,0,0,22,7,0.5,10,2.2,2,0.29,24,1,0,14,0,29.59,14.55,6259.35,0.14,82,0.07,347.74,430.33,0.14,6,11,19,0.44,40,42,22,16,16,0,14,0
6,45,11,2,0,86,23,0.32,42,2.05,19,0.83,108,19,0.82,69,2,63.43,34.98,77622.82,0.74,350,0.03,4312.38,2218.95,0.83,22,43,87,0.29,148,202,55,26,78,2.82,71,0
35,19,4,9,70,34,10,0.16,16,2.13,8,0.8,42,1,0,53,0,68.68,23.83,39014.14,0.55,262,0.04,2167.45,1636.96,0.1,9,17,34,0.06,117,145,54,22,168,59.85,62,1
3,9,0,0,1,8,6,0.27,4,2,1,0.17,18,1,0,22,3,27.21,20.39,11307.85,0.18,101,0.05,628.21,554.68,0.17,2,4,14,0.22,39,62,22,23,27,4.35,22,0
6,3,2,2,0,4,2,0.25,2,2,2,1,7,1,0,6,1,22.46,9,1819.07,0.07,43,0.11,101.06,202.12,0.5,1,2,7,0.13,18,25,13,13,15,25,8,0
10,5,1,2,7,6,3,0.23,2,3,2,0.67,8,3,1,11,1,22.96,13.5,4185,0.1,62,0.07,232.5,310,1,2,3,7,0.1,27,35,16,16,31,45,13,0
19,32,8,3,12,48,19,0.24,24,2,8,0.42,74,5,0.22,75,1,43.01,71.26,218421.83,1.02,471,0.01,12134.55,3065.17,0.26,12,24,57,0.17,208,263,54,37,110,16.67,78,0
8,3,0,0,0,4,2,0.13,2,2,1,0.5,7,1,0,16,0,39.81,13.88,7671.65,0.18,119,0.07,426.2,552.62,0.5,1,2,7,0.08,59,60,17,8,25,0,16,0
1,5,0,0,0,8,3,0.25,4,2,1,0.33,9,3,1,12,1,10.7,13.75,2023.29,0.05,36,0.07,112.41,147.15,1,2,4,8,0.21,15,21,6,11,14,0,12,0
22,9,5,8,18,8,5,0.14,4,2,5,1,22,1,0,28,3,36.37,18.27,12140.16,0.22,121,0.05,674.45,664.51,0.2,2,4,19,0.06,50,71,26,19,77,48.15,36,0
10,9,2,1,6,12,5,0.26,4,3,3,0.6,17,5,1,18,0,36.97,15.36,8722.95,0.19,106,0.07,484.61,567.9,1,4,6,14,0.14,48,58,25,16,36,28,19,0
41,31,3,3,22,54,16,0.21,24,2.25,6,0.38,65,3,0.13,73,0,90.21,25.16,57086.39,0.76,355,0.04,3171.47,2269.27,0.19,15,27,51,0.11,161,194,64,20,140,25.51,76,0
0,3,0,0,0,4,2,0.4,2,2,1,0.5,5,1,0,5,2,16.21,4.2,286.08,0.02,19,0.24,15.89,68.11,0.5,1,2,5,0.33,6,13,5,7,6,0,5,0
2,33,6,2,0,58,17,0.47,26,2.23,7,0.41,68,14,0.81,34,1,30.56,37.08,42020.85,0.38,196,0.03,2334.49,1133.15,0.82,16,29,53,0.44,89,107,30,25,39,5.56,36,0
1,15,4,0,0,26,8,0.5,12,2.17,5,0.63,34,3,0.29,16,3,29,17.43,8805.15,0.17,97,0.06,489.17,505.32,0.38,7,13,28,0.44,41,56,20,17,18,0,16,0
31,9,4,5,21,16,5,0.16,8,2,4,0.8,26,1,0,26,0,50.19,15.29,11739.22,0.26,136,0.07,652.18,767.56,0.2,4,8,23,0.06,65,71,34,16,84,50,31,0
1,7,1,0,0,12,4,0.31,6,2,2,0.5,15,3,0.67,13,4,15.39,20.17,6258.43,0.1,61,0.05,347.69,310.34,0.75,3,6,13,0.27,22,39,12,22,15,0,13,0
1,36,2,1,0,56,21,0.42,28,2,6,0.29,77,9,0.4,49,4,35.67,65.77,154273.13,0.78,384,0.02,8570.73,2345.67,0.43,14,28,58,0.4,171,213,39,30,52,2,50,0
45,69,2,4,38,118,35,0.29,50,2.36,4,0.11,123,3,0.06,117,0,126.88,26.71,90551.52,1.13,497,0.04,5030.64,3389.63,0.09,34,59,90,0.17,221,276,91,22,205,26.42,121,1
6,3,6,1,0,4,2,0.18,2,2,2,1,10,1,0,10,1,31.9,6.9,1518.54,0.07,48,0.14,84.36,220.08,0.5,1,2,10,0.11,23,25,15,9,18,9.09,11,1
18,17,5,4,9,24,10,0.17,12,2,10,1,36,1,0,56,3,86.98,11.25,11008.93,0.33,165,0.09,611.61,978.57,0.1,6,12,28,0.11,69,96,46,15,88,18.84,60,0
19,27,3,3,17,40,14,0.42,14,2.86,5,0.36,40,6,0.38,30,1,39.94,25.45,25867.91,0.34,183,0.04,1437.11,1016.49,0.43,13,20,28,0.2,82,101,29,18,70,40,33,0
17,3,3,3,12,4,2,0.14,2,2,2,1,8,1,0,11,1,30.66,7.76,1848.32,0.08,49,0.13,102.68,238.04,0.5,1,2,8,0.05,22,27,17,12,44,57.69,14,0
26,5,4,0,4,8,3,0.07,4,2,3,1,15,1,0,41,1,46.77,30.69,44054.95,0.48,243,0.03,2447.5,1435.37,0.33,2,4,14,0.04,114,129,39,21,72,8.89,41,1
4,3,1,0,0,4,2,0.33,2,2,1,0.5,7,1,0,6,1,11.53,11.25,1458.65,0.04,30,0.09,81.04,129.66,0.5,1,2,7,0.18,15,15,8,12,11,0,6,0
10,49,12,2,1,96,25,0.17,48,2,22,0.88,135,19,0.75,142,2,135.53,37.53,190890.99,1.7,729,0.03,10605.06,5086.44,0.76,24,48,112,0.16,319,410,102,24,156,2.07,144,0
11,5,3,0,13,8,3,0.25,4,2,1,0.33,12,1,0,12,0,36.12,6.39,1474.26,0.08,48,0.16,81.9,230.75,0.33,2,4,11,0.08,23,25,18,10,37,52,12,0
5,3,3,1,5,4,2,0.2,2,2,2,1,8,1,0,9,1,19.66,7.15,1004.96,0.05,32,0.14,55.83,140.55,0.5,1,2,8,0.1,13,19,10,11,21,40,10,0
14,11,1,0,4,20,6,0.3,10,2,4,0.67,27,1,0,20,0,51.1,12.22,7632.82,0.21,119,0.08,424.05,624.5,0.17,5,10,23,0.15,60,59,27,11,39,16.67,20,1
3,3,0,1,6,4,2,0.14,2,2,1,0.5,7,1,0,13,1,22.92,11,2773.9,0.08,55,0.09,154.11,252.17,0.5,1,2,7,0.08,26,29,13,11,24,35,14,0
19,15,3,2,39,28,8,0.12,14,2,2,0.25,36,4,0.43,64,1,44.02,37.19,60876.7,0.55,268,0.03,3382.04,1637.08,0.5,7,14,30,0.06,123,145,43,26,125,39.05,66,0
15,3,8,0,5,4,2,0.1,2,2,2,1,14,1,0,21,1,39.6,9.45,3540.14,0.12,73,0.11,196.67,374.44,0.5,1,2,14,0.05,32,41,22,13,42,19.23,21,1
12,27,1,3,2,40,15,0.36,18,2.22,6,0.4,59,10,0.64,39,3,42.04,61.97,161468.35,0.87,428,0.02,8970.46,2605.43,0.67,11,20,46,0.26,157,271,38,30,57,11.36,42,0
2,3,0,0,0,4,2,0.29,2,2,1,0.5,6,1,0,7,0,14.04,2,56.15,0.01,10,0.5,3.12,28.07,0.5,1,2,6,0.2,3,7,3,4,10,0,7,0
7,3,1,0,8,4,2,0.33,2,2,1,0.5,6,1,0,6,0,22.74,6.67,1010.8,0.05,34,0.15,56.16,151.62,0.5,1,2,6,0.09,16,18,12,10,22,57.14,6,0
17,3,2,3,24,4,2,0.11,2,2,2,1,7,1,0,16,2,24.8,12.19,3683.14,0.1,61,0.08,204.62,302.21,0.5,1,2,7,0.03,26,35,16,15,61,62.79,19,1
4,17,1,0,0,32,9,0.38,16,2,1,0.11,35,1,0,24,2,35.36,17.72,11106.15,0.21,129,0.06,617.01,626.68,0.11,8,16,28,0.31,58,71,18,11,29,0,24,1
6,9,2,0,0,14,5,0.18,6,2.33,4,0.8,19,3,0.5,28,2,21.3,21.76,10091.02,0.15,89,0.05,560.61,463.64,0.6,4,7,16,0.14,37,52,17,20,35,0,28,0
12,5,5,0,3,6,3,0.23,2,3,3,1,15,1,0,13,0,33.1,7.12,1676.64,0.08,49,0.14,93.15,235.56,0.33,2,3,14,0.1,22,27,17,11,29,18.75,13,0
16,19,8,10,6,16,11,0.22,6,2.67,8,0.73,35,5,0.4,39,0,51.55,14.14,10311.72,0.24,125,0.07,572.87,729.11,0.45,5,8,26,0.15,45,80,35,22,72,29.09,49,0
1,3,4,0,0,4,2,0.13,2,2,1,0.5,10,1,0,15,2,42.25,11.18,5280.46,0.16,90,0.09,293.36,472.31,0.5,1,2,10,0.12,43,47,25,13,17,0,15,0
0,7,2,0,0,12,4,0.24,6,2,3,0.75,13,1,0,17,2,25.55,11.15,3178.67,0.09,63,0.09,176.59,284.98,0.25,3,6,11,0.22,29,34,13,10,18,0,17,0
2,5,2,1,3,8,3,0.21,4,2,1,0.33,12,1,0,13,1,18.95,10.29,2007.31,0.07,42,0.1,111.52,195.04,0.33,2,4,11,0.15,19,23,12,13,20,23.53,14,0
0,5,2,0,0,8,3,0.5,4,2,3,1,10,3,1,6,1,13.67,8,875.14,0.04,28,0.13,48.62,109.39,1,2,4,9,0.43,8,20,5,10,7,0,6,0
3,45,5,8,1,68,26,0.31,32,2.13,19,0.73,104,23,0.88,75,4,52.16,53.78,150849.96,0.93,425,0.02,8380.54,2804.96,0.88,18,34,80,0.27,167,258,59,38,96,10.71,83,0
1,3,0,0,0,4,2,0.33,2,2,1,0.5,6,1,0,6,1,7.4,9,599.47,0.02,18,0.11,33.3,66.61,0.5,1,2,6,0.25,8,10,4,9,8,0,6,0
4,7,1,0,0,8,4,0.36,2,4,1,0.25,12,1,0,11,2,25.88,10.71,2971.35,0.09,59,0.09,165.07,277.33,0.25,3,4,10,0.25,25,34,14,12,16,0,11,1
0,3,2,0,0,4,2,0.33,2,2,2,1,8,1,0,6,1,17.47,5.14,462.13,0.03,23,0.19,25.67,89.86,0.5,1,2,8,0.29,9,14,7,8,7,0,6,0
0,3,0,0,0,4,2,0.5,2,2,1,0.5,5,1,0,4,3,11.39,3.5,139.52,0.01,12,0.29,7.75,39.86,0.5,1,2,5,0.4,3,9,3,7,5,0,4,0
1,11,1,5,0,20,6,0.22,10,2,2,0.33,24,4,0.6,22,1,16.21,46.93,35696.56,0.25,146,0.02,1983.14,760.58,0.67,5,10,20,0.21,64,82,15,22,29,18.52,27,0
6,9,2,1,0,16,5,0.56,8,2,3,0.6,16,1,0,8,2,19.89,13,3360.81,0.09,55,0.08,186.71,258.51,0.2,4,8,13,0.31,26,29,13,13,16,11.11,9,0
10,5,5,4,0,8,3,0.08,4,2,3,1,13,1,0,35,0,99.53,11.61,13418.54,0.39,199,0.09,745.47,1155.66,0.33,2,4,12,0.06,95,104,45,11,50,10.26,39,0
1,3,2,0,0,4,2,0.13,2,2,2,1,7,1,0,15,1,16.95,16.5,4614.93,0.09,57,0.06,256.39,279.69,0.5,1,2,7,0.12,22,35,12,18,17,0,15,0
2,7,0,0,0,12,4,0.44,6,2,1,0.25,13,4,1,9,2,7.44,13.5,1355.12,0.03,28,0.07,75.28,100.38,1,3,6,11,0.33,9,19,3,9,12,0,9,0
15,7,5,4,6,12,4,0.18,6,2,4,1,16,1,0,18,1,45.88,9.11,3805.17,0.14,77,0.11,211.4,417.82,0.25,3,6,14,0.09,34,43,28,15,44,35.71,22,0
6,9,2,2,9,12,5,0.26,6,2,4,0.8,20,1,0,17,1,41.54,6.32,1656.83,0.09,54,0.16,92.05,262.33,0.2,3,6,17,0.14,24,30,19,10,35,39.29,19,0
7,52,14,20,2,48,37,0.31,24,2,17,0.46,132,1,0,100,3,62.85,77.19,374495.12,1.62,700,0.01,20805.28,4851.52,0.03,12,24,97,0.28,305,395,81,41,130,18.03,120,0
28,26,13,4,0,20,17,0.15,8,2.5,13,0.76,65,5,0.25,112,0,118.43,23.9,67644.11,0.94,405,0.04,3758.01,2830.42,0.29,6,10,50,0.12,169,236,99,28,145,3.45,116,0
7,5,2,0,0,8,3,0.21,4,2,2,0.67,11,1,0,14,2,16.05,10.67,1827.2,0.06,39,0.09,101.51,171.3,0.33,2,4,10,0.14,16,23,9,12,22,0,14,0
0,5,0,0,0,8,3,0.5,4,2,1,0.33,9,1,0,6,2,18.88,9,1529.25,0.06,40,0.11,84.96,169.92,0.33,2,4,8,0.43,20,20,10,9,7,0,6,0
3,3,2,0,0,4,2,0.17,2,2,2,1,8,1,0,12,1,19.16,6.19,733.44,0.04,29,0.16,40.75,118.54,0.5,1,2,8,0.13,11,18,8,9,16,0,12,0
24,19,1,2,20,32,10,0.16,14,2.29,5,0.5,39,6,0.56,60,0,86.23,31.88,87614.7,0.92,430,0.03,4867.48,2748.7,0.6,9,16,31,0.09,204,226,64,20,107,26.83,62,1
32,29,1,6,10,56,15,0.43,26,2.15,4,0.27,64,1,0,29,0,63.05,32.2,65351.13,0.68,348,0.03,3630.62,2029.85,0.07,15,28,51,0.19,165,183,41,16,78,35.56,35,0
3,13,9,0,2,24,7,0.32,12,2,7,1,32,4,0.5,22,1,34.83,15.79,8682.88,0.18,111,0.06,482.38,549.92,0.57,6,12,27,0.25,50,61,19,12,28,8.33,22,0
1,11,2,0,0,18,6,0.5,8,2.25,2,0.33,21,6,1,12,2,12.67,21.85,6050.37,0.09,57,0.05,336.13,276.9,1,5,9,17,0.43,23,34,10,19,14,0,12,0
2,5,1,0,0,8,3,0.3,4,2,1,0.33,11,1,0,10,1,10.25,21,4519.69,0.07,49,0.05,251.09,215.22,0.33,2,4,10,0.23,21,28,7,14,13,0,10,0
2,3,6,2,3,4,2,0.14,2,2,2,1,10,1,0,12,1,31.35,10.31,3334.36,0.11,68,0.1,185.24,323.33,0.5,1,2,10,0.1,30,38,16,11,20,29.41,14,0
4,9,4,1,0,16,5,0.15,8,2,4,0.8,21,1,0,33,2,37.18,17.68,11620.19,0.22,119,0.06,645.57,657.3,0.2,4,8,18,0.13,55,64,28,18,39,2.94,34,0
9,41,5,14,24,74,21,0.18,34,2.18,12,0.57,79,6,0.25,102,1,147.44,19.65,56922.69,0.97,418,0.05,3162.37,2897.05,0.29,20,37,60,0.13,189,229,101,21,167,27.14,116,1
12,55,12,2,0,68,34,0.38,34,2,15,0.44,121,17,0.48,87,2,69.02,44.68,137758.8,1.03,448,0.02,7653.27,3083.42,0.5,17,34,89,0.33,181,267,79,39,102,2.25,89,0
6,3,0,0,0,4,2,0.17,2,2,1,0.5,7,1,0,12,0,26.25,13.67,4902.51,0.12,83,0.07,272.36,358.72,0.5,1,2,7,0.11,41,42,12,8,19,0,12,0
19,11,5,4,19,20,6,0.25,10,2,3,0.5,29,1,0,20,1,32.36,31.53,32175.94,0.34,179,0.03,1787.55,1020.38,0.17,5,10,25,0.1,86,93,30,22,63,53.49,24,0
26,7,4,3,13,12,4,0.1,6,2,1,0.25,29,1,0,39,0,98.24,22.84,51227.3,0.75,350,0.04,2845.96,2243.29,0.25,3,6,27,0.05,170,180,67,18,82,29.09,42,1
0,3,1,0,0,4,2,0.22,2,2,2,1,5,1,0,9,1,10.2,13.33,1813.33,0.05,34,0.08,100.74,136,0.5,1,2,5,0.2,16,18,6,10,10,0,9,0
4,7,1,0,0,8,4,0.44,2,4,1,0.25,10,1,0,9,2,17.28,12.09,2526.68,0.07,45,0.08,140.37,208.97,0.25,3,4,8,0.29,19,26,11,14,14,0,9,0
0,3,2,0,0,4,2,0.18,2,2,2,1,7,1,0,11,0,31.21,6.13,1170.84,0.06,45,0.16,65.05,191.16,0.5,1,2,7,0.17,21,24,12,7,12,0,11,0
1,3,0,3,3,4,2,0.2,2,2,1,0.5,6,1,0,7,1,14.49,36.4,19192.65,0.18,115,0.03,1066.26,527.27,0.5,1,2,6,0.13,52,63,10,14,15,46.15,10,0
2,11,1,1,1,20,6,0.3,10,2,2,0.33,27,1,0,19,1,34.83,13,5886.19,0.15,89,0.08,327.01,452.78,0.17,5,10,23,0.25,42,47,21,13,24,9.52,20,0
10,11,0,3,8,18,6,0.4,8,2.25,1,0.17,20,4,0.6,12,2,21.92,17.73,6891.86,0.13,80,0.06,382.88,388.64,0.67,5,9,16,0.18,38,42,15,14,34,47.83,15,0
0,9,0,0,0,16,5,0.45,8,2,1,0.2,17,3,0.5,11,2,16.86,17.14,4949.88,0.1,63,0.06,274.99,288.85,0.6,4,8,14,0.42,29,34,11,13,12,0,11,0
4,7,1,0,0,8,4,0.4,2,4,1,0.25,11,1,0,10,2,22.22,11,2688.65,0.08,52,0.09,149.37,244.42,0.25,3,4,9,0.27,22,30,13,13,15,0,10,1
16,5,1,1,0,8,3,0.09,4,2,2,0.67,13,1,0,31,3,47.6,13.5,8674.38,0.21,117,0.07,481.91,642.55,0.33,2,4,12,0.06,54,63,30,15,49,3.13,32,0
7,11,3,3,5,20,6,0.15,10,2,5,0.83,27,1,0,37,1,33.65,18.75,11829.4,0.21,117,0.05,657.19,630.9,0.17,5,10,23,0.11,50,67,24,18,53,17.78,40,0
6,5,1,0,0,8,3,0.21,4,2,1,0.33,10,1,0,14,2,19.1,11.92,2711.63,0.08,49,0.08,150.65,227.55,0.33,2,4,9,0.14,22,27,12,13,21,0,14,0
5,15,3,0,0,28,8,0.24,14,2,4,0.5,40,1,0,34,3,56.82,11.24,7181.41,0.21,115,0.09,398.97,638.78,0.13,7,14,34,0.2,53,62,33,14,40,0,34,0
11,3,6,2,8,4,2,0.14,2,2,2,1,10,1,0,12,1,40.92,6.47,1712.28,0.09,57,0.15,95.13,264.7,0.5,1,2,10,0.06,23,34,16,9,34,45.45,14,0
1,3,2,0,0,4,2,0.25,2,2,2,1,7,1,0,8,2,15.92,6.29,629.06,0.03,24,0.16,34.95,100.08,0.5,1,2,7,0.2,8,16,7,11,10,0,8,0
7,9,2,3,4,16,5,0.19,8,2,4,0.8,20,1,0,24,2,24.93,20.24,10207.48,0.17,100,0.05,567.08,504.44,0.2,4,8,17,0.13,43,57,17,16,39,22.58,27,0
3,3,0,0,0,4,2,0.2,2,2,1,0.5,6,1,0,10,2,8.79,12,1265.83,0.04,27,0.08,70.32,105.49,0.5,1,2,6,0.14,12,15,5,10,14,0,10,0
3,13,5,0,0,24,7,0.41,12,2,6,0.86,32,6,0.83,17,1,27.29,21.05,12094.31,0.19,112,0.05,671.91,574.48,0.86,6,12,27,0.33,50,62,19,16,21,0,17,0
4,7,1,0,0,8,4,0.4,2,4,1,0.25,11,1,0,10,2,23.78,10.15,2451.96,0.08,52,0.1,136.22,241.48,0.25,3,4,9,0.27,22,30,13,12,15,0,10,0
7,7,2,1,0,12,4,0.13,6,2,3,0.75,16,1,0,30,2,29.83,40.13,48033.42,0.4,222,0.02,2668.52,1197.09,0.25,3,6,14,0.1,107,115,24,18,39,3.23,31,0
13,26,4,1,1,44,14,0.3,22,2,11,0.79,59,7,0.46,45,2,30.87,42.62,56084.29,0.44,221,0.02,3115.79,1315.88,0.5,11,22,47,0.23,97,124,33,29,61,4.26,46,0
12,3,4,2,4,4,2,0.13,2,2,2,1,9,1,0,13,1,40.12,6.05,1468.67,0.08,49,0.17,81.59,242.76,0.5,1,2,9,0.06,22,27,20,11,32,31.58,15,0
20,11,9,4,17,18,6,0.32,8,2.25,5,0.83,24,1,0,15,1,55.47,8.07,3611.37,0.15,83,0.12,200.63,447.56,0.17,5,9,20,0.11,36,47,29,13,57,58.33,19,1
1,9,3,0,1,14,5,0.36,6,2.33,3,0.6,19,3,0.5,14,1,27.69,10.11,2831.11,0.09,56,0.1,157.28,280,0.6,4,7,16,0.29,26,30,18,14,17,6.67,14,0
3,7,0,1,3,12,4,0.27,6,2,1,0.25,16,1,0,14,1,28.72,9.38,2523.86,0.09,56,0.11,140.21,269.21,0.25,3,6,14,0.18,25,31,16,12,22,22.22,15,0
18,7,1,4,27,10,4,0.17,4,2.5,2,0.5,12,3,0.67,19,2,42.56,14.44,8879.35,0.2,114,0.07,493.3,614.72,0.75,3,5,10,0.06,52,62,27,15,69,62,23,0
9,7,3,2,0,8,4,0.29,2,4,2,0.5,12,4,1,12,1,33.12,8,2119.78,0.09,54,0.13,117.77,264.97,1,3,4,10,0.17,24,30,18,12,24,14.29,14,0
26,17,10,3,35,34,9,0.3,14,2.43,6,0.67,38,3,0.25,27,1,67.59,11.15,8408.78,0.25,131,0.09,467.15,753.89,0.33,10,17,31,0.1,58,73,39,15,92,58.46,30,1
0,3,2,0,0,4,2,0.17,2,2,2,1,9,1,0,12,3,16.73,11,2024,0.06,46,0.09,112.44,184,0.5,1,2,9,0.15,22,24,8,8,13,0,12,0
8,3,0,0,2,4,2,0.07,2,2,1,0.5,6,1,0,29,0,62.76,21.36,28626.92,0.45,240,0.05,1590.38,1340.39,0.5,1,2,6,0.05,115,125,35,13,40,6.45,29,0
0,3,2,0,0,4,2,0.4,2,2,1,0.5,7,1,0,5,1,20.07,5.91,700.77,0.04,27,0.17,38.93,118.59,0.5,1,2,7,0.33,13,14,11,10,6,0,5,0
0,9,2,1,0,14,5,0.31,6,2.33,3,0.6,15,5,1,15,1,19.64,19.69,7612.12,0.13,76,0.05,422.9,386.65,1,4,7,12,0.29,35,41,16,18,17,6.25,16,0
8,17,3,1,12,32,9,0.16,16,2,4,0.44,32,6,0.63,54,4,68.85,10.07,6976.38,0.23,121,0.1,387.58,693.08,0.67,8,16,25,0.12,51,70,38,15,76,19.4,55,0
12,11,4,2,3,12,6,0.29,4,3,4,0.67,20,5,0.8,19,0,28.9,10.82,3385.09,0.1,62,0.09,188.06,312.75,0.83,4,6,16,0.09,23,39,17,16,64,20.83,21,0
1,9,1,0,2,12,5,0.5,6,2,5,1,14,5,1,10,1,13.06,16,3343.58,0.07,45,0.06,185.75,208.97,1,3,6,11,0.36,18,27,9,16,14,16.67,10,0
0,5,4,1,0,8,3,0.25,4,2,2,0.67,14,1,0,11,0,25.67,11.09,3155.71,0.09,58,0.09,175.32,284.6,0.33,2,4,13,0.23,29,29,17,13,13,8.33,12,0
19,15,5,5,14,22,8,0.31,8,2.75,5,0.63,25,6,0.71,21,1,40.15,15.41,9530.93,0.21,114,0.06,529.5,618.59,0.75,7,11,19,0.13,52,62,27,16,60,47.5,26,0
0,5,4,0,0,8,3,0.23,4,2,3,1,14,1,0,13,1,14.28,9.33,1243.74,0.04,35,0.11,69.1,133.26,0.33,2,4,13,0.21,14,21,6,8,14,0,13,0
3,13,2,0,0,22,7,0.27,10,2.2,4,0.57,32,4,0.5,26,2,24.26,23.75,13682.58,0.19,109,0.04,760.14,576.11,0.57,6,11,27,0.23,50,59,20,19,30,0,26,0
1,7,2,0,0,12,4,0.5,6,2,3,0.75,14,3,0.67,8,1,14.4,10,1440,0.05,36,0.1,80,144,0.75,3,6,12,0.4,12,24,6,10,10,0,8,0
32,37,12,6,21,58,19,0.21,22,2.64,10,0.53,79,13,0.67,85,0,103.85,30.93,99359.89,1.07,471,0.03,5519.99,3212.3,0.68,18,29,62,0.13,207,264,87,26,145,24.11,91,0
1,5,3,0,0,8,3,0.38,4,2,3,1,11,1,0,8,2,18.89,5.63,597.79,0.04,26,0.18,33.21,106.27,0.33,2,4,10,0.3,10,16,8,9,10,0,8,0
3,9,4,0,1,16,5,0.42,6,2.67,3,0.6,18,4,0.75,12,0,19.93,11.08,2448.54,0.07,47,0.09,136.03,220.92,0.8,5,8,15,0.29,19,28,12,14,17,7.69,12,0
20,9,8,6,10,14,5,0.12,6,2.33,4,0.8,23,3,0.5,35,1,82.63,16.32,22024.66,0.45,224,0.06,1223.59,1349.01,0.6,4,7,20,0.07,100,124,49,16,72,31.37,41,0
38,589,4,0,4,1148,299,0.51,570,2,5,0.02,1260,15,0.05,591,0,675.88,137.36,12751451.28,30.95,9605,0.01,708413.98,92835.55,0.05,289,574,963,0.47,4015,5590,760,52,634,0.67,591,0
6,5,1,1,0,8,3,0.21,4,2,1,0.33,11,1,0,13,3,18.91,10.45,2065.48,0.07,45,0.1,114.75,197.65,0.33,2,4,10,0.14,19,26,10,11,21,7.14,14,0
4,5,1,0,0,8,3,0.43,4,2,1,0.33,12,1,0,7,2,13.18,14,2582.68,0.06,42,0.07,143.48,184.48,0.33,2,4,11,0.25,21,21,9,12,12,0,7,0
1,9,4,4,0,8,6,0.17,4,2,4,0.67,20,3,0.4,31,1,42.06,21.68,19763.62,0.3,157,0.05,1097.98,911.75,0.5,2,4,16,0.16,67,90,34,22,37,11.43,35,1
5,25,0,0,6,44,13,0.21,20,2.2,1,0.08,48,13,1,63,0,59.11,30.37,54510.88,0.6,290,0.03,3028.38,1795.05,1,12,22,37,0.17,124,166,49,24,75,8.7,63,0
11,9,4,0,1,16,5,0.38,8,2,2,0.4,21,1,0,13,1,39.26,6.75,1788.56,0.09,54,0.15,99.36,264.97,0.2,4,8,18,0.19,27,27,20,10,26,7.14,13,0
1,3,1,0,0,4,2,0.4,2,2,2,1,5,1,0,5,1,19.1,5.78,637.64,0.04,27,0.17,35.42,110.36,0.5,1,2,5,0.29,13,14,9,8,7,0,5,0
3,5,0,2,2,8,3,0.15,4,2,1,0.33,11,1,0,18,1,45.06,12.52,7065.03,0.19,110,0.08,392.5,564.22,0.33,2,4,10,0.12,48,62,23,12,26,18.18,20,1
26,19,1,4,16,26,11,0.26,12,2.17,2,0.18,34,1,0,38,0,33.74,23.2,18157.82,0.26,136,0.04,1008.77,782.66,0.09,7,13,25,0.13,58,78,30,24,85,34.48,42,0
14,9,1,3,0,14,5,0.21,6,2.33,4,0.8,18,3,0.5,21,0,56.3,11,6811.81,0.21,118,0.09,378.43,619.26,0.6,4,7,15,0.13,54,64,27,11,39,12.5,24,0
50,64,2,15,13,92,35,0.19,36,2.56,17,0.49,120,22,0.62,166,2,144.78,33.72,164651.23,1.63,666,0.03,9147.29,4882.39,0.63,28,46,87,0.14,307,359,132,29,245,14.43,181,0
9,7,2,0,3,10,4,0.24,4,2.5,3,0.75,13,3,0.67,17,0,29.9,16.61,8254.12,0.17,94,0.06,458.56,496.83,0.75,3,5,11,0.13,43,51,22,17,30,15,17,0
2,17,1,0,0,30,9,0.56,14,2.14,2,0.22,31,9,1,16,2,10.13,32.58,10759.67,0.11,73,0.03,597.76,330.22,1,8,15,24,0.47,23,50,6,17,19,0,16,0
4,39,1,0,3,76,20,0.39,38,2,2,0.1,65,1,0,51,2,71.48,12.37,10946.28,0.29,153,0.08,608.13,884.55,0.05,19,38,47,0.34,66,87,40,15,59,5.56,51,0
0,3,0,0,0,4,2,0.67,2,2,1,0.5,6,1,0,3,2,5,6,180,0.01,10,0.17,10,30,0.5,1,2,6,0.5,4,6,2,6,4,0,3,0
13,5,1,6,42,8,3,0.23,4,2,2,0.67,10,1,0,7,2,23.64,9.31,2048.42,0.07,48,0.11,113.8,220.08,0.33,2,4,9,0.04,22,26,13,11,69,87.27,13,1
6,5,3,1,4,8,3,0.23,4,2,3,1,11,1,0,12,1,20.12,11.08,2469.1,0.07,48,0.09,137.17,222.91,0.33,2,4,10,0.13,24,24,13,12,24,29.41,13,0
4,11,1,0,0,20,6,0.16,10,2,2,0.33,21,1,0,38,2,46.36,12.73,7508.78,0.2,103,0.08,417.15,589.98,0.17,5,10,17,0.14,42,61,33,20,43,0,38,0
1,13,4,0,0,24,7,0.35,12,2,3,0.43,32,4,0.5,20,2,33.58,20.52,14141.06,0.23,127,0.05,785.61,689.14,0.57,6,12,27,0.32,57,70,25,18,22,0,20,0
3,9,1,2,7,16,5,0.16,8,2,4,0.8,23,1,0,30,4,32.53,13.88,6262.85,0.15,88,0.07,347.94,451.38,0.2,4,8,20,0.12,37,51,20,15,43,23.08,32,0
0,3,2,0,0,4,2,0.33,2,2,2,1,8,1,0,6,2,11.42,6.67,507.65,0.03,20,0.15,28.2,76.15,0.5,1,2,8,0.29,10,10,6,8,7,0,6,0
4,5,1,0,0,8,3,0.27,4,2,2,0.67,11,1,0,11,0,22.64,5.73,742.59,0.04,30,0.17,41.25,129.66,0.33,2,4,10,0.19,14,16,11,9,16,0,11,0